ab:20500,Malorie,Pyron,8306 10th St,Garfield,NJ,17026
ab:20501,Hosea,Heath,753 Ann Ave,Palm City,FL,34990
ab:20502,Beatriz,Wooton,3 Old Coffee Dr,Savannah,GA,31404
ab:20503,Ashlyn,Grenz,784 Fordham Lane,Lewiston,ME,34240
ab:20504,Guy,Caperton,7774 Addison St,Pueblo,CO,81001
ab:20505,Elias,Lamm,3 Smoky Hollow St,Canton,GA,30114
ab:20506,Tai,Farrar,7948 Ridge Road,Hilliard,OH,43026
ab:20507,Sherilyn,Barbour,38 Piper Avenue,Stuart,FL,34997
ab:20508,Etta,Gross,93A Talbot Rd,Port Chester,NY,10573
ab:20509,Chante,Caryl,966 White Rd,Capitol Heights,MD,20743
ab:20510,Echo,Menchaca,3 Golden Star Street,Sioux City,IA,51106
ab:20511,Joanna,Keating,683 West Brookside Street,Jeffersonville,IN,47130
ab:20512,Eloy,Rabb,153 Trenton Drive,Missoula,MT,59801
ab:20513,Caridad,Headen,537 Hudson Road,New York,NY,10002
ab:20514,Cedrick,Devaughn,31 Lakeshore Lane,Fullerton,CA,92831
ab:20515,Ulysses,Carlsen,9623 Thatcher Ave,Opa Locka,FL,33054
ab:20516,Lawanna,Chavarria,8 Madison St,Norwalk,CT,36851
ab:20517,Junita,Facey,309 NE 88 Dr,Hamden,CT,36514
ab:20518,Alfreda,Lay,7927 Marlborough Court,Johnston,RI,32919
ab:20519,Lynne,Chee,347 Southampton Street,Macomb,MI,48042
ab:20520,Dona,Etheredge,8886 Sussex Street,Holyoke,MA,31040
ab:20521,Genny,Rehm,7 Lincoln Dr,Hilliard,OH,43026
ab:20522,Libbie,Foerster,807 Mill Pond Lane,Joliet,IL,60435
ab:20523,Dorla,Johnsen,884 White Dr,Oxnard,CA,93035
ab:20524,Glady,Eddie,565 Bowman Rd,Ambler,PA,19002
ab:20525,Merle,Kampf,102 N Palm Way,Palm Coast,FL,32137
ab:20526,Dahlia,Riebe,230 Fairview Ave,Mount Airy,MD,21771
ab:20527,Kerrie,Kowaleski,476 Coffee St,Middle River,MD,21220
ab:20528,Erlene,Cambre,8407 West Glenridge Lane,Southampton,PA,18966
ab:20529,Ellan,Kriss,735 Fairview St,Langhorne,PA,19047
ab:20530,Vania,Ting,398 South Tarkiln Hill Street,Kent,OH,44240
ab:20531,Marianela,Moree,382 NW 45 Ave,Niceville,FL,32578
ab:20532,Vivan,Redinger,57 Temple St,Forest Hills,NY,11375
ab:20533,Domonique,Dames,945 Pennsylvania Street,Pleasanton,CA,94566
ab:20534,Arlyne,Ericksen,533 Fifth St,Ossining,NY,10562
ab:20535,Tyrell,Segawa,38 North Blanket Street,Douglasville,GA,30134
ab:20536,Kandi,Masuda,7406 Deerfield Dr,Bettendorf,IA,52722
ab:20537,Salley,Seibold,55 High Point Drive,Logansport,IN,46947
ab:20538,Gricelda,Vanmeter,8 Mayfair St,Indiana,PA,15701
ab:20539,Miguel,Delbosque,76 Thatcher Drive,Colorado Springs,CO,80911
ab:20540,Mariko,Krikorian,308 Brickell Road,Drexel Hill,PA,19026
ab:20541,Clement,Flanigan,7491 Mill Pond Street,Erlanger,KY,41018
ab:20542,Debora,Lawrence,9 Lakeshore St,Amsterdam,NY,12010
ab:20543,Billye,Linville,7727 Glenlake Rd,Mcminnville,TN,37110
ab:20544,Chassidy,Geyer,86 Iroquois Court,Jamestown,NY,14701
ab:20545,Lili,Gines,564 Water Ave,Bakersfield,CA,93306
ab:20546,Phebe,Crystal,950 Race Dr,Johnson City,TN,37601
ab:20547,Debbie,Siqueiros,352 Bridle Rd,Quincy,MA,21690
ab:20548,John,Drews,7610 Durham Court,Holland,MI,49423
ab:20549,Alexa,Purves,7542 Kingston Lane,Glendale,AZ,85302
ab:20550,Ronald,Timms,20 Harvey St,Klamath Falls,OR,97603
ab:20551,Margie,Demmer,33 S Ocean Drive,Spring Valley,NY,10977
ab:20552,Althea,Raver,442 Grant St,Jonesborough,TN,37659
ab:20553,Ingrid,Wendt,7099 Wayne St,Winter Park,FL,32792
ab:20554,Shawna,Berryhill,211 Mayfair Avenue,Smithtown,NY,11787
ab:20555,Jerrica,Treacy,94 Pheasant Street,Santa Monica,CA,90403
ab:20556,Linn,Tuft,60 Fawn Street,North Miami Beach,FL,33160
ab:20557,Traci,Heidt,374 Bear Hill Ave,Lawrenceville,GA,30043
ab:20558,Reiko,Sung,126 NW 53 Ct,Manitowoc,WI,54220
ab:20559,Thuy,Marko,836 East Dr,Pewaukee,WI,53072
ab:20560,Joellen,Freshour,466 Windsor Lane,Ashtabula,OH,44004
ab:20561,Antonetta,Esters,9228 Cooper St,Waterloo,IA,50701
ab:20562,Onie,Bewley,319 Old Durham Drive,Orange Park,FL,32065
ab:20563,Thu,Wohl,8019B Tower Avenue,Cranford,NJ,33303
ab:20564,Adelaide,Villacis,37 Maple St,Chapel Hill,NC,27516
ab:20565,Necole,Lintner,9336 Honey Creek St,Longwood,FL,32779
ab:20566,Azalee,Clair,8019 8th Drive,Medford,MA,21551
ab:20567,Adelle,Lynn,506 New Saddle Avenue,Tuscaloosa,AL,35405
ab:20568,Chae,Emberton,7233 West Shub Farm Drive,Millington,TN,38053
ab:20569,Catalina,Buhr,97 Westminster Dr,Eastpointe,MI,48021
ab:20570,Lida,Azar,7726 Evergreen Road,Fort Lee,NJ,33301
ab:20571,Amberly,Cashion,9405 Lower River Dr,Kenosha,WI,53140
ab:20572,Eartha,Caspers,18 Cardinal Rd,Patchogue,NY,11772
ab:20573,Lan,Lahey,13 Tailwater St,Lawrence Township,NJ,86481
ab:20574,Deanna,Gingrich,77 Young St,Meriden,CT,33301
ab:20575,Fredia,Broadwater,457 Honey Creek Street,Mchenry,IL,60050
ab:20576,Chloe,Greg,693 College St,Maineville,OH,45039
ab:20577,Willie,Caufield,178 Old Fieldstone St,Utica,NY,13501
ab:20578,Stephan,Ocallaghan,36 Beacon Street,Muscatine,IA,52761
ab:20579,Lavelle,Hipsher,7388 Wentworth Ave,Monroe Township,NJ,88311
ab:20580,Renetta,Feltman,52 Plumb Branch Street,Webster,NY,14580
ab:20581,Elissa,Segers,8232 Adams Ave,Stratford,CT,33301
ab:20582,Larue,Adler,261 West Street,Dracut,MA,33301
ab:20583,Jene,Retherford,196 Livingston Drive,Sacramento,CA,95820
ab:20584,Freeda,Kropf,8126 Border Rd,Baldwinsville,NY,13027
ab:20585,Eldora,Grahn,69 E Palo Alto,Noblesville,IN,46060
ab:20586,Lakeshia,Ellingwood,9030 North Bowman Court,Staten Island,NY,10301
ab:20587,Randee,Krein,722 Atlantic Street,Alpharetta,GA,30004
ab:20588,Carmelina,Tallant,1 East New Drive,New Kensington,PA,15068
ab:20589,Stephen,Padron,8712 Ashley Court,Norfolk,VA,23503
ab:20590,Mauricio,Donner,9094 Hall St,Passaic,NJ,33301
ab:20591,Jenna,Schweigert,258 Arch Court,Crown Point,IN,46307
ab:20592,Lupita,Olarte,668 Spring St,East Meadow,NY,11554
ab:20593,Angelica,Loesch,8964 Applegate St,Stuart,FL,34997
ab:20594,Maurine,Spann,46 Bradford Street,Roseville,MI,48066
ab:20595,Jacqueline,Bunger,19 Branch Lane,Yakima,WA,98908
ab:20596,Nida,Callen,80 East Lane,Astoria,NY,11102
ab:20597,Roxann,Hodgins,1 Smoky Hollow Court,Palm Harbor,FL,34683
ab:20598,Maurice,Schewe,9078 Front St,Land O Lakes,FL,34639
ab:20599,Caprice,Wronski,396 Campfire Street,Coventry,RI,33301
ab:20600,Ellan,Fimbres,7795 Old Talbot Street,Fort Washington,MD,20744
ab:20601,Lucia,Nees,288 South Military Ave,Roselle,IL,60172
ab:20602,Rosaline,Tuner,4 Magnolia Dr,Niceville,FL,32578
ab:20603,Stefani,Arrowsmith,8916 Wayne Drive,Yuba City,CA,95993
ab:20604,Hillary,Parten,97 Marsh Ave,Wappingers Falls,NY,12590
ab:20605,Marcia,Hahne,9129 NW 44 Ave,Westmont,IL,60559
ab:20606,Vince,Romans,8882 Glenwood St,Whitehall,PA,18052
ab:20607,Jerri,Douthitt,238 Glenholme Dr,Derby,KS,67037
ab:20608,Emiko,Lambdin,6 Valley View St,Andover,MA,18101
ab:20609,Claudine,Patt,65 Jefferson Road,Ellenwood,GA,30294
ab:20610,Sherryl,Croteau,8564 Birchpond St,Muncie,IN,47302
ab:20611,Azzie,Nicolas,804 Newport Drive,Spring Valley,NY,10977
ab:20612,Micha,Hebel,8173 Sutor Lane,Portage,IN,46368
ab:20613,Emogene,Steinhoff,150 South King Ave,Pomona,CA,91768
ab:20614,Ardis,Mcnaught,72 Constitution Drive,East Brunswick,NJ,88161
ab:20615,Grisel,Halliday,9421 N 33 Ave,Naugatuck,CT,67701
ab:20616,Douglas,Mollica,527 Hillside Street,Grandville,MI,49418
ab:20617,Estelle,Charlebois,768 S Ocean Drive,Elk River,MN,55330
ab:20618,Ines,Ringo,15 E Glades Blvd,Apopka,FL,32703
ab:20619,Athena,Falzone,8 Valley View Ave,Griffin,GA,30223
ab:20620,Johnna,Balog,84 West Dr,Silver Spring,MD,20901
ab:20621,Camellia,Stein,4 Honey Creek Street,Douglasville,GA,30134
ab:20622,Eden,Tarlton,9335 Beach Avenue,Park Forest,IL,60466
ab:20623,Miriam,Wickens,34 Acacia Avenue,Bartlett,IL,60103
ab:20624,Shannon,Lena,8868 Oakwood St,Newtown,PA,18940
ab:20625,Freda,Mauro,98 Alton Drive,North Canton,OH,44720
ab:20626,Norris,Greenhaw,9344 Clinton Street,Lawrence,MA,18411
ab:20627,Lashaunda,Espinosa,7660 4th Dr,Jupiter,FL,33458
ab:20628,Blythe,Almendarez,151 SW,Camp Hill,PA,17011
ab:20629,Karan,Bourbeau,3 Studebaker Lane,Bangor,ME,44011
ab:20630,Jenine,Darnall,8319 West George Ave,Urbandale,IA,50322
ab:20631,Allyn,Veillon,3 E Los Angeles,Romeoville,IL,60446
ab:20632,Shantell,Donnell,161 Henry Smith Dr,Morton Grove,IL,60053
ab:20633,Wally,Patin,488 Miller St,Princeton,NJ,85401
ab:20634,Hiram,Ramsey,8317 Myrtle Ave,Lilburn,GA,30047
ab:20635,Tamera,Frasca,281 Windsor St,Westerville,OH,43081
ab:20636,Toshiko,Cormack,705 Windsor Lane,Mokena,IL,60448
ab:20637,Tisa,Lehn,67 Dunbar Court,Glendale Heights,IL,60139
ab:20638,Maxwell,Kumar,524 Magnolia St,Cantonment,FL,32533
ab:20639,Graig,Whitehurst,917 Plymouth Dr,Urbandale,IA,50322
ab:20640,Cyndi,Elledge,369 Lees Creek St,Crawfordsville,IN,47933
ab:20641,Virginia,Lobel,2 Kingston Street,Southaven,MS,38671
ab:20642,Elba,Heslin,8334 Monroe Street,Roslindale,MA,21311
ab:20643,Shakia,Dawdy,7487 Oklahoma Street,Southfield,MI,48076
ab:20644,Latonya,Buchner,9581 Rock Maple Dr,Jupiter,FL,33458
ab:20645,Victoria,Setser,477 Prince Lane,Lumberton,NC,28358
ab:20646,Allan,Bigham,315 El Dorado Ave,Council Bluffs,IA,51501
ab:20647,Lorina,Morino,2 Fairview Dr,Macungie,PA,18062
ab:20648,Yuriko,Murry,149 Pawnee Court,Gettysburg,PA,17325
ab:20649,Myrna,Friberg,8166 Del Monte Street,Irmo,SC,29063
ab:20650,Terrance,Karter,2 Arlington Rd,Midlothian,VA,23112
ab:20651,Yvonne,Planas,9476 Euclid Ave,Plymouth,MA,23601
ab:20652,Shannan,Greenleaf,7437 NW 66 Rd,Stow,OH,44224
ab:20653,Fredrick,Bergey,9381 East Orange Ave,Burke,VA,22015
ab:20654,Myrna,Thorton,9523 Pin Oak Ave,Royal Oak,MI,48067
ab:20655,Arlene,Seigler,65 North Snake Hill Street,Mableton,GA,30126
ab:20656,Oswaldo,Smithers,28 Summit Lane,Ellicott City,MD,21042
ab:20657,Sal,Novotny,60 W SR7,Philadelphia,PA,19111
ab:20658,Lavada,Decaro,161 Lawrence Street,Chambersburg,PA,17201
ab:20659,Idell,Rosch,22 River Ave,Lanham,MD,20706
ab:20660,Brandie,Nehring,7681 Yukon Dr,Bridgeton,NJ,83021
ab:20661,Tressie,Wooten,97 Brickell St,Dorchester,MA,21251
ab:20662,Rueben,Stowell,22 South Thomas Street,Osseo,MN,55311
ab:20663,Britany,Winkel,7 Sunbeam Lane,Cambridge,MA,21381
ab:20664,Gussie,Nisbett,719 Arnold St,Libertyville,IL,60048
ab:20665,Rema,Backlund,17 Virginia St,Greenfield,IN,46140
ab:20666,Tory,Chung,13 South Road,Maspeth,NY,11378
ab:20667,Hae,Trautman,8087 Sherman Street,Rocky Mount,NC,27804
ab:20668,Yung,Wain,997 Santa Clara Ave,Stillwater,MN,55082
ab:20669,Kazuko,Coldren,94 Yukon St,Zeeland,MI,49464
ab:20670,Jeana,Mau,7812 Marconi St,Freeport,NY,11520
ab:20671,Vallie,Korth,605 Center Dr,Dedham,MA,20261
ab:20672,Rickie,Scoville,7132 Homestead Road,Hudson,NH,30511
ab:20673,Alejandrina,Vanmeter,76 Helen Court,Grosse Pointe,MI,48236
ab:20674,Melvin,Schueller,11 Walnut Lane,Easley,SC,29640
ab:20675,Candyce,Goggans,260 NW 22 St,Olympia,WA,98512
ab:20676,Jina,Flurry,8365 Essex St,Elkton,MD,21921
ab:20677,Tesha,Trotman,846 Olive Dr,Arlington,MA,24741
ab:20678,Carylon,Egli,695 Canterbury St,Ft Mitchell,KY,41017
ab:20679,Mollie,Royalty,7615 53rd Ave,Oviedo,FL,32765
ab:20680,Luba,Speaker,7098 Linden Ave,Oak Creek,WI,53154
ab:20681,Pansy,Fidler,8412 Westminster Ave,Indiana,PA,15701
ab:20682,Ha,Amend,9830 6th St,Elmont,NY,11003
ab:20683,Tracey,Cray,241 N Vista Way,Toms River,NJ,87531
ab:20684,Breana,Scheuermann,8961 Rockledge Ave,Calumet City,IL,60409
ab:20685,Brandi,Amante,8 East Henry Ave,Wyoming,MI,49509
ab:20686,Tempie,Mardis,24 NW 153 Ct,Vista,CA,92083
ab:20687,Fabian,Caya,50 Wilson St,Ozone Park,NY,11417
ab:20688,Sadie,Dinardo,7028 Hawthorne Drive,Raeford,NC,28376
ab:20689,Madie,Earlywine,21 Cherry Lane,Berwyn,IL,60402
ab:20690,Chadwick,Abrev,5 High Noon Street,Victoria,TX,77904
ab:20691,Clinton,Chamberlain,3 Stonybrook Lane,Paducah,KY,42001
ab:20692,Ima,Wattley,758 Penn Court,Shakopee,MN,55379
ab:20693,Geoffrey,Yun,9515 1st Dr,Long Branch,NJ,77401
ab:20694,Valorie,Mannon,99 Oakwood St,Casselberry,FL,32707
ab:20695,Jami,Pettit,7053 Woodland St,Hicksville,NY,11801
ab:20696,Marc,Lauria,9 Saxon St,Fairhope,AL,36532
ab:20697,Kiersten,Caldera,719 W Everglades Road,Jupiter,FL,33458
ab:20698,Odis,Laidlaw,990 Shub Farm Dr,New Bedford,MA,27401
ab:20699,Wendell,Wolter,73 School Dr,Bayonne,NJ,70021
ab:20700,Lizzette,Silvia,9 East Drive,Lanham,MD,20706
ab:20701,Herbert,Foard,50 Manor Station Street,Akron,OH,44312
ab:20702,An,More,827 Illinois Ave,San Carlos,CA,94070
ab:20703,Burton,Runkle,569 Overlook Ave,Suffolk,VA,23434
ab:20704,Albertina,Cruise,56 York Lane,Madisonville,KY,42431
ab:20705,Jaye,Spinella,24 Theatre St,Anderson,SC,29621
ab:20706,Isaias,Stookey,41 El Dorado Avenue,Leland,NC,28451
ab:20707,Esther,Plaza,84 Spruce Street,Hialeah,FL,33010
ab:20708,Miss,Beville,92 Glendale Street,Palm City,FL,34990
ab:20709,Mistie,Rohan,51 Essex Street,Flowery Branch,GA,30542
ab:20710,Kendra,Huot,25 Laurel Street,Brooklyn,NY,11201
ab:20711,Patrick,Moncrief,676 Glen Eagles Rd,Oconomowoc,WI,53066
ab:20712,Keven,Bier,8409 Surrey Street,Centereach,NY,11720
ab:20713,Gemma,Elswick,45 Jockey Hollow Ave,Coachella,CA,92236
ab:20714,Latoya,Kratzer,50 Rock Maple Drive,Riverdale,GA,30274
ab:20715,Kanisha,Michaelsen,9606 West Oklahoma St,Quincy,MA,21691
ab:20716,Grayce,Pidgeon,24 Cherry Hill Road,Newton,NJ,78601
ab:20717,Lorine,Mccallion,667 East Fawn St,Trussville,AL,35173
ab:20718,Wilburn,Carruth,370 Buttonwood Ave,Harlingen,TX,78552
ab:20719,Jc,Morra,4 Edgewood Court,Streamwood,IL,60107
ab:20720,Shavonda,Gambino,76 Atlantic Street,Newington,CT,61111
ab:20721,Faustina,Staten,7910 Bridgeton St,Middleton,WI,53562
ab:20722,Nereida,Ragan,77 Devonshire St,Northbrook,IL,60062
ab:20723,Monserrate,Carrizales,9469 Queen Dr,Newnan,GA,30263
ab:20724,Ladonna,Simes,9114 Talbot Avenue,Glen Burnie,MD,21060
ab:20725,Garry,Marsland,30 Hartford Road,Edison,NJ,88171
ab:20726,Oliver,Wimbish,115 South Glen Eagles Dr,Hempstead,NY,11550
ab:20727,Larissa,Tjaden,55B NW 230 Way,Erlanger,KY,41018
ab:20728,Hisako,Stelter,131 Cooper Ave,Royersford,PA,19468
ab:20729,Matha,Scranton,301 Country Court,Athens,GA,30605
ab:20730,Collene,Streiff,7 Jockey Hollow Street,East Stroudsburg,PA,18301
ab:20731,Scot,Kohan,763 Thompson Dr,Twin Falls,ID,83301
ab:20732,Minda,Wiltz,61 Crescent Street,Reidsville,NC,27320
ab:20733,Larita,Gannaway,64 Cardinal Rd,Ponte Vedra Beach,FL,32082
ab:20734,Kenda,Langworthy,547 NE Jasper St,Greenwood,SC,29646
ab:20735,Emily,Bible,41 Prospect Drive,Stevens Point,WI,54481
ab:20736,Thad,Helzer,9096 Third Dr,Garfield,NJ,70261
ab:20737,Mindy,Dick,394 Brook Dr,Collierville,TN,38017
ab:20738,Luke,Ferrier,731 Ryan St,Rockford,MI,49341
ab:20739,Mickey,Polizzi,75 Sugar Lane,Middletown,CT,64571
ab:20740,Alfonzo,Bott,562 Orchard Ave,Pittsford,NY,14534
ab:20741,Brian,Pettis,88 Central St,Dayton,OH,45420
ab:20742,Mabelle,Crespo,78 East Cemetery St,Independence,KY,41051
ab:20743,Kassandra,Danis,97 Old Foxrun Court,Milledgeville,GA,31061
ab:20744,Cherrie,Bullock,8981 Lake View Rd,Andover,MA,18101
ab:20745,Aida,Speers,8178 Fairway Ave,North Brunswick,NJ,89021
ab:20746,Joanie,Show,333 Goldfield Drive,Branford,CT,64051
ab:20747,Virginia,Tibbits,52 West Wakehurst Ave,Avon Lake,OH,44012
ab:20748,Thuy,Pressler,7837 E Dolphin Parkway,Hackensack,NJ,76011
ab:20749,Wilton,Grange,144 Ivy Road,Framingham,MA,17011
ab:20750,Rosita,Stalnaker,8442 North Green Street,Ormond Beach,FL,32174
ab:20751,Elinore,Hamler,81A Taylor Ave,Haines City,FL,33844
ab:20752,Laurel,Mckenzie,56 Hudson St,Providence,RI,29041
ab:20753,Mellie,Nerney,9080 Bradford St,Evans,GA,30809
ab:20754,Mattie,Stobaugh,7610 Prince Avenue,Wooster,OH,44691
ab:20755,Keely,Rolon,802 West Shirley Ave,Rossville,GA,30741
ab:20756,Kristen,Clough,441 Richardson Drive,Fort Myers,FL,33905
ab:20757,Maribeth,Macomber,670 Miles Street,North Olmsted,OH,44070
ab:20758,Mirella,Patridge,148 W Pelican Way,Manchester Township,NJ,87591
ab:20759,Virgen,Grimmett,60 Cardinal Street,Garden City,NY,11530
ab:20760,Melina,Seelig,4 Center Lane,Maplewood,NJ,70401
ab:20761,Dulcie,Stice,759 W Omega St,Morganton,NC,28655
ab:20762,Marquerite,Nesler,72 Selby St,Ponte Vedra Beach,FL,32082
ab:20763,Bertie,Brion,919 S Rolls Royce Ave,West Haven,CT,65161
ab:20764,Taisha,Pelchat,407 Bay Lane,Orchard Park,NY,14127
ab:20765,Rafael,Coello,8805 Edgewater St,Dublin,GA,31021
ab:20766,Archie,Sudderth,24 Rose Rd,Avon,IN,46123
ab:20767,Delaine,Pedersen,7824 Gregory Dr,Media,PA,19063
ab:20768,Vickey,Valle,639 Jones Ave,Manahawkin,NJ,80501
ab:20769,Emilio,Voyles,88 Shady Lane,Easley,SC,29640
ab:20770,Serina,Garlington,287 Beech Ave,Stroudsburg,PA,18360
ab:20771,Katina,Charette,522 South Manor Dr,Dorchester Center,MA,21241
ab:20772,Bonita,Seiber,968 Border Street,Lynnwood,WA,98037
ab:20773,Joslyn,Flegle,7763 Walnutwood Drive,Redford,MI,48239
ab:20774,Rema,Tilson,7919 S Bentley Way,Mokena,IL,60448
ab:20775,Lauryn,Meador,28 Littleton St,New Lenox,IL,60451
ab:20776,Vallie,Gaddis,7695 Riverside Rd,Jacksonville,NC,28540
ab:20777,Vicki,Hudec,3 Lakeshore St,Longwood,FL,32779
ab:20778,Felicita,Maberry,7653 Albany St,Middleburg,FL,32068
ab:20779,Lorri,Featherstone,907 Foxrun Avenue,Rapid City,SD,57701
ab:20780,Mack,Lawlor,8714 Wayne St,Centreville,VA,20120
ab:20781,Pilar,Krupp,769 Beach Street,Grove City,OH,43123
ab:20782,Lanette,Hartig,8692 Magnolia Ave,Harrisonburg,VA,22801
ab:20783,Donnette,Christie,403 Trusel Drive,Randolph,MA,23681
ab:20784,Tabetha,Mceachin,492 Rockaway St,Moses Lake,WA,98837
ab:20785,Julianne,Carr,486 North Lane,Indianapolis,IN,46201
ab:20786,Elease,Prime,7920 Cleveland St,Terre Haute,IN,47802
ab:20787,Ima,Nees,24 East Windsor Dr,Elmont,NY,11003
ab:20788,Abigail,Closson,8910 Inverness St,Desoto,TX,75115
ab:20789,Billi,Lamore,9522 Marconi St,Thibodaux,LA,70301
ab:20790,Marshall,Teer,8409 Berkshire St,Bountiful,UT,84010
ab:20791,Ling,Auton,280 Mayfair Road,Roswell,GA,30075
ab:20792,Antoinette,Sawin,19 Fairfield St,Marysville,OH,43040
ab:20793,Echo,Pietila,3 Lakeshore Ave,Lombard,IL,60148
ab:20794,Crysta,Briggs,242 Union Street,Monsey,NY,10952
ab:20795,Luella,Lohr,741 Andover Ave,Irvington,NJ,71111
ab:20796,Lottie,Stange,8753 High Noon Street,Hope Mills,NC,28348
ab:20797,Maryanna,Carone,9296 Parker Road,Algonquin,IL,60102
ab:20798,Elfrieda,Oum,94 Arnold Drive,Los Banos,CA,93635
ab:20799,Abdul,Culton,8211 Court Ave,Virginia Beach,VA,23451
